0,com.esri.android.action,reference/com/esri/android/action/Package-summary.html,Package
1,com.esri.android.action.IdentifyResultSpinner,reference/com/esri/android/action/IdentifyResultSpinner.html,Class
2,com.esri.android.action.IdentifyResultSpinnerAdapter,reference/com/esri/android/action/IdentifyResultSpinnerAdapter.html,Class
3,com.esri.android.action.IdentifyResultView,reference/com/esri/android/action/IdentifyResultView.html,Class
4,com.esri.android.map,reference/com/esri/android/map/Package-summary.html,Package
5,com.esri.android.map.AttachmentManager,reference/com/esri/android/map/AttachmentManager.html,Class
6,com.esri.android.map.AttachmentManager.AttachmentDownloadListener,reference/com/esri/android/map/AttachmentManager.AttachmentDownloadListener.html,Class
7,com.esri.android.map.AttachmentManager.AttachmentRetrievalListener,reference/com/esri/android/map/AttachmentManager.AttachmentRetrievalListener.html,Class
8,com.esri.android.map.Callout,reference/com/esri/android/map/Callout.html,Class
9,com.esri.android.map.CalloutPopupWindow,reference/com/esri/android/map/CalloutPopupWindow.html,Class
10,com.esri.android.map.CalloutPopupWindow.MODE,reference/com/esri/android/map/CalloutPopupWindow.MODE.html,Class
11,com.esri.android.map.CalloutStyle,reference/com/esri/android/map/CalloutStyle.html,Class
12,com.esri.android.map.DynamicLayer,reference/com/esri/android/map/DynamicLayer.html,Class
13,com.esri.android.map.FeatureLayer,reference/com/esri/android/map/FeatureLayer.html,Class
14,com.esri.android.map.FeatureLayer.SelectionMode,reference/com/esri/android/map/FeatureLayer.SelectionMode.html,Class
15,com.esri.android.map.GraphicsLayer,reference/com/esri/android/map/GraphicsLayer.html,Class
16,com.esri.android.map.GraphicsLayer.MarkerRotationMode,reference/com/esri/android/map/GraphicsLayer.MarkerRotationMode.html,Class
17,com.esri.android.map.GraphicsLayer.RenderingMode,reference/com/esri/android/map/GraphicsLayer.RenderingMode.html,Class
18,com.esri.android.map.Grid,reference/com/esri/android/map/Grid.html,Class
19,com.esri.android.map.Grid.GridType,reference/com/esri/android/map/Grid.GridType.html,Class
20,com.esri.android.map.GroupLayer,reference/com/esri/android/map/GroupLayer.html,Class
21,com.esri.android.map.ImageFilter,reference/com/esri/android/map/ImageFilter.html,Class
22,com.esri.android.map.Layer,reference/com/esri/android/map/Layer.html,Class
23,com.esri.android.map.LocationDisplayManager,reference/com/esri/android/map/LocationDisplayManager.html,Class
24,com.esri.android.map.LocationDisplayManager.AutoPanMode,reference/com/esri/android/map/LocationDisplayManager.AutoPanMode.html,Class
25,com.esri.android.map.MapGestureDetector,reference/com/esri/android/map/MapGestureDetector.html,Class
26,com.esri.android.map.MapGestureDetector.OnGestureListener,reference/com/esri/android/map/MapGestureDetector.OnGestureListener.html,Class
27,com.esri.android.map.MapOnTouchListener,reference/com/esri/android/map/MapOnTouchListener.html,Class
28,com.esri.android.map.MapOptions,reference/com/esri/android/map/MapOptions.html,Class
29,com.esri.android.map.MapOptions.MapType,reference/com/esri/android/map/MapOptions.MapType.html,Class
30,com.esri.android.map.MapView,reference/com/esri/android/map/MapView.html,Class
31,com.esri.android.map.RasterLayer,reference/com/esri/android/map/RasterLayer.html,Class
32,com.esri.android.map.TiledLayer,reference/com/esri/android/map/TiledLayer.html,Class
33,com.esri.android.map.TiledServiceLayer,reference/com/esri/android/map/TiledServiceLayer.html,Class
34,com.esri.android.map.TiledServiceLayer.TileInfo,reference/com/esri/android/map/TiledServiceLayer.TileInfo.html,Class
35,com.esri.android.map.ags,reference/com/esri/android/map/ags/Package-summary.html,Package
36,com.esri.android.map.ags.ArcGISDynamicMapServiceLayer,reference/com/esri/android/map/ags/ArcGISDynamicMapServiceLayer.html,Class
37,com.esri.android.map.ags.ArcGISFeatureLayer,reference/com/esri/android/map/ags/ArcGISFeatureLayer.html,Class
38,com.esri.android.map.ags.ArcGISFeatureLayer.EditCapabilities,reference/com/esri/android/map/ags/ArcGISFeatureLayer.EditCapabilities.html,Class
39,com.esri.android.map.ags.ArcGISFeatureLayer.MODE,reference/com/esri/android/map/ags/ArcGISFeatureLayer.MODE.html,Class
40,com.esri.android.map.ags.ArcGISFeatureLayer.Options,reference/com/esri/android/map/ags/ArcGISFeatureLayer.Options.html,Class
41,com.esri.android.map.ags.ArcGISFeatureLayer.SELECTION_METHOD,reference/com/esri/android/map/ags/ArcGISFeatureLayer.SELECTION_METHOD.html,Class
42,com.esri.android.map.ags.ArcGISImageServiceLayer,reference/com/esri/android/map/ags/ArcGISImageServiceLayer.html,Class
43,com.esri.android.map.ags.ArcGISLayerInfo,reference/com/esri/android/map/ags/ArcGISLayerInfo.html,Class
44,com.esri.android.map.ags.ArcGISLocalTiledLayer,reference/com/esri/android/map/ags/ArcGISLocalTiledLayer.html,Class
45,com.esri.android.map.ags.ArcGISPopupInfo,reference/com/esri/android/map/ags/ArcGISPopupInfo.html,Class
46,com.esri.android.map.ags.ArcGISTiledMapServiceLayer,reference/com/esri/android/map/ags/ArcGISTiledMapServiceLayer.html,Class
47,com.esri.android.map.bing,reference/com/esri/android/map/bing/Package-summary.html,Package
48,com.esri.android.map.bing.BingMapsLayer,reference/com/esri/android/map/bing/BingMapsLayer.html,Class
49,com.esri.android.map.bing.BingMapsLayer.MapStyle,reference/com/esri/android/map/bing/BingMapsLayer.MapStyle.html,Class
50,com.esri.android.map.bing.BingMapsResult,reference/com/esri/android/map/bing/BingMapsResult.html,Class
51,com.esri.android.map.event,reference/com/esri/android/map/event/Package-summary.html,Package
52,com.esri.android.map.event.MapLoadAction,reference/com/esri/android/map/event/MapLoadAction.html,Class
53,com.esri.android.map.event.MapLoadAction.Action,reference/com/esri/android/map/event/MapLoadAction.Action.html,Class
54,com.esri.android.map.event.OnBaseMapSwitchListener,reference/com/esri/android/map/event/OnBaseMapSwitchListener.html,Class
55,com.esri.android.map.event.OnLongPressListener,reference/com/esri/android/map/event/OnLongPressListener.html,Class
56,com.esri.android.map.event.OnMapEventListener,reference/com/esri/android/map/event/OnMapEventListener.html,Class
57,com.esri.android.map.event.OnPanListener,reference/com/esri/android/map/event/OnPanListener.html,Class
58,com.esri.android.map.event.OnPinchListener,reference/com/esri/android/map/event/OnPinchListener.html,Class
59,com.esri.android.map.event.OnSingleTapListener,reference/com/esri/android/map/event/OnSingleTapListener.html,Class
60,com.esri.android.map.event.OnStatusChangedListener,reference/com/esri/android/map/event/OnStatusChangedListener.html,Class
61,com.esri.android.map.event.OnStatusChangedListener.EsriStatusException,reference/com/esri/android/map/event/OnStatusChangedListener.EsriStatusException.html,Class
62,com.esri.android.map.event.OnStatusChangedListener.STATUS,reference/com/esri/android/map/event/OnStatusChangedListener.STATUS.html,Class
63,com.esri.android.map.event.OnWebMapLoadListener,reference/com/esri/android/map/event/OnWebMapLoadListener.html,Class
64,com.esri.android.map.event.OnZoomListener,reference/com/esri/android/map/event/OnZoomListener.html,Class
65,com.esri.android.map.event.PopupEditingListener,reference/com/esri/android/map/event/PopupEditingListener.html,Class
66,com.esri.android.map.ogc,reference/com/esri/android/map/ogc/Package-summary.html,Package
67,com.esri.android.map.ogc.KMLLayer,reference/com/esri/android/map/ogc/KMLLayer.html,Class
68,com.esri.android.map.ogc.WMSLayer,reference/com/esri/android/map/ogc/WMSLayer.html,Class
69,com.esri.android.map.ogc.WMSLayerInfo,reference/com/esri/android/map/ogc/WMSLayerInfo.html,Class
70,com.esri.android.map.ogc.WMTSLayer,reference/com/esri/android/map/ogc/WMTSLayer.html,Class
71,com.esri.android.map.ogc.kml,reference/com/esri/android/map/ogc/kml/Package-summary.html,Package
72,com.esri.android.map.ogc.kml.KmlLayer,reference/com/esri/android/map/ogc/kml/KmlLayer.html,Class
73,com.esri.android.map.ogc.kml.KmlLayer.KmlNodeEventListener,reference/com/esri/android/map/ogc/kml/KmlLayer.KmlNodeEventListener.html,Class
74,com.esri.android.map.osm,reference/com/esri/android/map/osm/Package-summary.html,Package
75,com.esri.android.map.osm.OpenStreetMapLayer,reference/com/esri/android/map/osm/OpenStreetMapLayer.html,Class
76,com.esri.android.map.popup,reference/com/esri/android/map/popup/Package-summary.html,Package
77,com.esri.android.map.popup.ArcGISAbstractMediaView,reference/com/esri/android/map/popup/ArcGISAbstractMediaView.html,Class
78,com.esri.android.map.popup.ArcGISAbstractMediaView.ExpandableHeightGridView,reference/com/esri/android/map/popup/ArcGISAbstractMediaView.ExpandableHeightGridView.html,Class
79,com.esri.android.map.popup.ArcGISAttachmentsAdapter,reference/com/esri/android/map/popup/ArcGISAttachmentsAdapter.html,Class
80,com.esri.android.map.popup.ArcGISAttachmentsView,reference/com/esri/android/map/popup/ArcGISAttachmentsView.html,Class
81,com.esri.android.map.popup.ArcGISAttributeView,reference/com/esri/android/map/popup/ArcGISAttributeView.html,Class
82,com.esri.android.map.popup.ArcGISAttributesAdapter,reference/com/esri/android/map/popup/ArcGISAttributesAdapter.html,Class
83,com.esri.android.map.popup.ArcGISAttributesAdapter.AttributeInfo,reference/com/esri/android/map/popup/ArcGISAttributesAdapter.AttributeInfo.html,Class
84,com.esri.android.map.popup.ArcGISAttributesAdapter.FIELD_TYPE,reference/com/esri/android/map/popup/ArcGISAttributesAdapter.FIELD_TYPE.html,Class
85,com.esri.android.map.popup.ArcGISAttributesAdapter.FieldLabelView,reference/com/esri/android/map/popup/ArcGISAttributesAdapter.FieldLabelView.html,Class
86,com.esri.android.map.popup.ArcGISAttributesAdapter.LayoutResource,reference/com/esri/android/map/popup/ArcGISAttributesAdapter.LayoutResource.html,Class
87,com.esri.android.map.popup.ArcGISAttributesAdapter.SeparatorView,reference/com/esri/android/map/popup/ArcGISAttributesAdapter.SeparatorView.html,Class
88,com.esri.android.map.popup.ArcGISDescriptionAdapter,reference/com/esri/android/map/popup/ArcGISDescriptionAdapter.html,Class
89,com.esri.android.map.popup.ArcGISEditAttributesAdapter,reference/com/esri/android/map/popup/ArcGISEditAttributesAdapter.html,Class
90,com.esri.android.map.popup.ArcGISEditAttributesAdapter.CodedValueSpinnerAdapter,reference/com/esri/android/map/popup/ArcGISEditAttributesAdapter.CodedValueSpinnerAdapter.html,Class
91,com.esri.android.map.popup.ArcGISEditAttributesAdapter.DateButtonOnClickListener,reference/com/esri/android/map/popup/ArcGISEditAttributesAdapter.DateButtonOnClickListener.html,Class
92,com.esri.android.map.popup.ArcGISEditAttributesAdapter.DateTimePickerDialog,reference/com/esri/android/map/popup/ArcGISEditAttributesAdapter.DateTimePickerDialog.html,Class
93,com.esri.android.map.popup.ArcGISEditAttributesAdapter.DefaultAttributeValueEditText,reference/com/esri/android/map/popup/ArcGISEditAttributesAdapter.DefaultAttributeValueEditText.html,Class
94,com.esri.android.map.popup.ArcGISEditAttributesAdapter.EditTextBackgroundDrawable,reference/com/esri/android/map/popup/ArcGISEditAttributesAdapter.EditTextBackgroundDrawable.html,Class
95,com.esri.android.map.popup.ArcGISEditAttributesAdapter.RangeSpinnerAdapter,reference/com/esri/android/map/popup/ArcGISEditAttributesAdapter.RangeSpinnerAdapter.html,Class
96,com.esri.android.map.popup.ArcGISEditAttributesAdapter.Required,reference/com/esri/android/map/popup/ArcGISEditAttributesAdapter.Required.html,Class
97,com.esri.android.map.popup.ArcGISEditAttributesAdapter.SpinnerBackgroundDrawable,reference/com/esri/android/map/popup/ArcGISEditAttributesAdapter.SpinnerBackgroundDrawable.html,Class
98,com.esri.android.map.popup.ArcGISEditAttributesAdapter.TextViewSpinner,reference/com/esri/android/map/popup/ArcGISEditAttributesAdapter.TextViewSpinner.html,Class
99,com.esri.android.map.popup.ArcGISLayout,reference/com/esri/android/map/popup/ArcGISLayout.html,Class
100,com.esri.android.map.popup.ArcGISMediaAdapter,reference/com/esri/android/map/popup/ArcGISMediaAdapter.html,Class
101,com.esri.android.map.popup.ArcGISMediaFullScreenPageAdapter,reference/com/esri/android/map/popup/ArcGISMediaFullScreenPageAdapter.html,Class
102,com.esri.android.map.popup.ArcGISMediaFullScreenView,reference/com/esri/android/map/popup/ArcGISMediaFullScreenView.html,Class
103,com.esri.android.map.popup.ArcGISMediaView,reference/com/esri/android/map/popup/ArcGISMediaView.html,Class
104,com.esri.android.map.popup.ArcGISPopupStyle,reference/com/esri/android/map/popup/ArcGISPopupStyle.html,Class
105,com.esri.android.map.popup.ArcGISPopupStyle.STYLE_ELEMENT,reference/com/esri/android/map/popup/ArcGISPopupStyle.STYLE_ELEMENT.html,Class
106,com.esri.android.map.popup.ArcGISReadOnlyAttributesAdapter,reference/com/esri/android/map/popup/ArcGISReadOnlyAttributesAdapter.html,Class
107,com.esri.android.map.popup.ArcGISReadOnlyAttributesAdapter.DescriptionView,reference/com/esri/android/map/popup/ArcGISReadOnlyAttributesAdapter.DescriptionView.html,Class
108,com.esri.android.map.popup.ArcGISReadOnlyAttributesAdapter.FieldValueView,reference/com/esri/android/map/popup/ArcGISReadOnlyAttributesAdapter.FieldValueView.html,Class
109,com.esri.android.map.popup.ArcGISTitleView,reference/com/esri/android/map/popup/ArcGISTitleView.html,Class
110,com.esri.android.map.popup.ArcGISValueFormat,reference/com/esri/android/map/popup/ArcGISValueFormat.html,Class
111,com.esri.android.map.popup.AttachmentView,reference/com/esri/android/map/popup/AttachmentView.html,Class
112,com.esri.android.map.popup.AttributeView,reference/com/esri/android/map/popup/AttributeView.html,Class
113,com.esri.android.map.popup.FeatureTablePopupInfo,reference/com/esri/android/map/popup/FeatureTablePopupInfo.html,Class
114,com.esri.android.map.popup.Popup,reference/com/esri/android/map/popup/Popup.html,Class
115,com.esri.android.map.popup.Popup.PopupListener,reference/com/esri/android/map/popup/Popup.PopupListener.html,Class
116,com.esri.android.map.popup.PopupContainer,reference/com/esri/android/map/popup/PopupContainer.html,Class
117,com.esri.android.map.popup.PopupContainer.PopupContainerListener,reference/com/esri/android/map/popup/PopupContainer.PopupContainerListener.html,Class
118,com.esri.android.map.popup.PopupContainerView,reference/com/esri/android/map/popup/PopupContainerView.html,Class
119,com.esri.android.map.popup.PopupDefaultLayout,reference/com/esri/android/map/popup/PopupDefaultLayout.html,Class
120,com.esri.android.map.popup.PopupEditable,reference/com/esri/android/map/popup/PopupEditable.html,Class
121,com.esri.android.map.popup.PopupLayer,reference/com/esri/android/map/popup/PopupLayer.html,Class
122,com.esri.android.map.popup.PopupLayout,reference/com/esri/android/map/popup/PopupLayout.html,Class
123,com.esri.android.map.popup.PopupLayoutInfo,reference/com/esri/android/map/popup/PopupLayoutInfo.html,Class
124,com.esri.android.map.popup.PopupRefreshable,reference/com/esri/android/map/popup/PopupRefreshable.html,Class
125,com.esri.android.map.popup.PopupStyle,reference/com/esri/android/map/popup/PopupStyle.html,Class
126,com.esri.android.map.popup.PopupUtil,reference/com/esri/android/map/popup/PopupUtil.html,Class
127,com.esri.android.map.popup.PopupValid,reference/com/esri/android/map/popup/PopupValid.html,Class
128,com.esri.android.oauth,reference/com/esri/android/oauth/Package-summary.html,Package
129,com.esri.android.oauth.OAuthView,reference/com/esri/android/oauth/OAuthView.html,Class
130,com.esri.android.oauth.OAuthView.OnSslErrorListener,reference/com/esri/android/oauth/OAuthView.OnSslErrorListener.html,Class
131,com.esri.android.runtime,reference/com/esri/android/runtime/Package-summary.html,Package
132,com.esri.android.runtime.ArcGISRuntime,reference/com/esri/android/runtime/ArcGISRuntime.html,Class
133,com.esri.android.runtime.ArcGISRuntime.License,reference/com/esri/android/runtime/ArcGISRuntime.License.html,Class
134,com.esri.core.ags,reference/com/esri/core/ags/Package-summary.html,Package
135,com.esri.core.ags.FeatureServiceCapabilities,reference/com/esri/core/ags/FeatureServiceCapabilities.html,Class
136,com.esri.core.ags.FeatureServiceInfo,reference/com/esri/core/ags/FeatureServiceInfo.html,Class
137,com.esri.core.ags.LOD,reference/com/esri/core/ags/LOD.html,Class
138,com.esri.core.ags.LayerServiceCapabilities,reference/com/esri/core/ags/LayerServiceCapabilities.html,Class
139,com.esri.core.ags.LayerServiceInfo,reference/com/esri/core/ags/LayerServiceInfo.html,Class
140,com.esri.core.ags.MapServiceCapabilities,reference/com/esri/core/ags/MapServiceCapabilities.html,Class
141,com.esri.core.ags.MapServiceInfo,reference/com/esri/core/ags/MapServiceInfo.html,Class
142,com.esri.core.ags.SyncCapabilities,reference/com/esri/core/ags/SyncCapabilities.html,Class
143,com.esri.core.ags.Table,reference/com/esri/core/ags/Table.html,Class
144,com.esri.core.ags.TileInfo,reference/com/esri/core/ags/TileInfo.html,Class
145,com.esri.core.analysis,reference/com/esri/core/analysis/Package-summary.html,Package
146,com.esri.core.analysis.Function,reference/com/esri/core/analysis/Function.html,Class
147,com.esri.core.analysis.LineOfSight,reference/com/esri/core/analysis/LineOfSight.html,Class
148,com.esri.core.analysis.Viewshed,reference/com/esri/core/analysis/Viewshed.html,Class
149,com.esri.core.analysis.ViewshedUtil,reference/com/esri/core/analysis/ViewshedUtil.html,Class
150,com.esri.core.annotations,reference/com/esri/core/annotations/Package-summary.html,Package
151,com.esri.core.annotations.Beta,reference/com/esri/core/annotations/Beta.html,Class
152,com.esri.core.geodatabase,reference/com/esri/core/geodatabase/Package-summary.html,Package
153,com.esri.core.geodatabase.Geodatabase,reference/com/esri/core/geodatabase/Geodatabase.html,Class
154,com.esri.core.geodatabase.GeodatabaseEditError,reference/com/esri/core/geodatabase/GeodatabaseEditError.html,Class
155,com.esri.core.geodatabase.GeodatabaseEditError.EditOperation,reference/com/esri/core/geodatabase/GeodatabaseEditError.EditOperation.html,Class
156,com.esri.core.geodatabase.GeodatabaseFeature,reference/com/esri/core/geodatabase/GeodatabaseFeature.html,Class
157,com.esri.core.geodatabase.GeodatabaseFeatureServiceTable,reference/com/esri/core/geodatabase/GeodatabaseFeatureServiceTable.html,Class
158,com.esri.core.geodatabase.GeodatabaseFeatureServiceTable.FeatureRequestMode,reference/com/esri/core/geodatabase/GeodatabaseFeatureServiceTable.FeatureRequestMode.html,Class
159,com.esri.core.geodatabase.GeodatabaseFeatureServiceTable.Status,reference/com/esri/core/geodatabase/GeodatabaseFeatureServiceTable.Status.html,Class
160,com.esri.core.geodatabase.GeodatabaseFeatureTable,reference/com/esri/core/geodatabase/GeodatabaseFeatureTable.html,Class
161,com.esri.core.geodatabase.GeodatabaseFeatureTableEditErrors,reference/com/esri/core/geodatabase/GeodatabaseFeatureTableEditErrors.html,Class
162,com.esri.core.geodatabase.GeoPackage,reference/com/esri/core/geodatabase/GeoPackage.html,Class
163,com.esri.core.geodatabase.GeoPackageFeature,reference/com/esri/core/geodatabase/GeoPackageFeature.html,Class
164,com.esri.core.geodatabase.GeoPackageFeatureTable,reference/com/esri/core/geodatabase/GeoPackageFeatureTable.html,Class
165,com.esri.core.geodatabase.Relationship,reference/com/esri/core/geodatabase/Relationship.html,Class
166,com.esri.core.geodatabase.Relationship.Cardinality,reference/com/esri/core/geodatabase/Relationship.Cardinality.html,Class
167,com.esri.core.geodatabase.Relationship.Role,reference/com/esri/core/geodatabase/Relationship.Role.html,Class
168,com.esri.core.geodatabase.ShapefileFeature,reference/com/esri/core/geodatabase/ShapefileFeature.html,Class
169,com.esri.core.geodatabase.ShapefileFeatureTable,reference/com/esri/core/geodatabase/ShapefileFeatureTable.html,Class
170,com.esri.core.geometry,reference/com/esri/core/geometry/Package-summary.html,Package
171,com.esri.core.geometry.AngularUnit,reference/com/esri/core/geometry/AngularUnit.html,Class
172,com.esri.core.geometry.AngularUnit.Code,reference/com/esri/core/geometry/AngularUnit.Code.html,Class
173,com.esri.core.geometry.AreaUnit,reference/com/esri/core/geometry/AreaUnit.html,Class
174,com.esri.core.geometry.AreaUnit.Code,reference/com/esri/core/geometry/AreaUnit.Code.html,Class
175,com.esri.core.geometry.CompositeGeographicTransformation,reference/com/esri/core/geometry/CompositeGeographicTransformation.html,Class
176,com.esri.core.geometry.CoordinateConversion,reference/com/esri/core/geometry/CoordinateConversion.html,Class
177,com.esri.core.geometry.CoordinateConversion.GARSConversionMode,reference/com/esri/core/geometry/CoordinateConversion.GARSConversionMode.html,Class
178,com.esri.core.geometry.CoordinateConversion.MGRSConversionMode,reference/com/esri/core/geometry/CoordinateConversion.MGRSConversionMode.html,Class
179,com.esri.core.geometry.CoordinateConversion.UTMConversionMode,reference/com/esri/core/geometry/CoordinateConversion.UTMConversionMode.html,Class
180,com.esri.core.geometry.Envelope,reference/com/esri/core/geometry/Envelope.html,Class
181,com.esri.core.geometry.GeographicTransformation,reference/com/esri/core/geometry/GeographicTransformation.html,Class
182,com.esri.core.geometry.Geometry,reference/com/esri/core/geometry/Geometry.html,Class
183,com.esri.core.geometry.Geometry.Type,reference/com/esri/core/geometry/Geometry.Type.html,Class
184,com.esri.core.geometry.GeometryEngine,reference/com/esri/core/geometry/GeometryEngine.html,Class
185,com.esri.core.geometry.GeometryEngine.JoinType,reference/com/esri/core/geometry/GeometryEngine.JoinType.html,Class
186,com.esri.core.geometry.GeometryException,reference/com/esri/core/geometry/GeometryException.html,Class
187,com.esri.core.geometry.Latlon,reference/com/esri/core/geometry/Latlon.html,Class
188,com.esri.core.geometry.Line,reference/com/esri/core/geometry/Line.html,Class
189,com.esri.core.geometry.LinearUnit,reference/com/esri/core/geometry/LinearUnit.html,Class
190,com.esri.core.geometry.LinearUnit.Code,reference/com/esri/core/geometry/LinearUnit.Code.html,Class
191,com.esri.core.geometry.MapGeometry,reference/com/esri/core/geometry/MapGeometry.html,Class
192,com.esri.core.geometry.MultiPath,reference/com/esri/core/geometry/MultiPath.html,Class
193,com.esri.core.geometry.MultiPoint,reference/com/esri/core/geometry/MultiPoint.html,Class
194,com.esri.core.geometry.Point,reference/com/esri/core/geometry/Point.html,Class
195,com.esri.core.geometry.Polygon,reference/com/esri/core/geometry/Polygon.html,Class
196,com.esri.core.geometry.Polyline,reference/com/esri/core/geometry/Polyline.html,Class
197,com.esri.core.geometry.ProjectionTransformation,reference/com/esri/core/geometry/ProjectionTransformation.html,Class
198,com.esri.core.geometry.Proximity2DResult,reference/com/esri/core/geometry/Proximity2DResult.html,Class
199,com.esri.core.geometry.Segment,reference/com/esri/core/geometry/Segment.html,Class
200,com.esri.core.geometry.SegmentIterator,reference/com/esri/core/geometry/SegmentIterator.html,Class
201,com.esri.core.geometry.SpatialReference,reference/com/esri/core/geometry/SpatialReference.html,Class
202,com.esri.core.geometry.SpatialReference.Type,reference/com/esri/core/geometry/SpatialReference.Type.html,Class
203,com.esri.core.geometry.Transformation2D,reference/com/esri/core/geometry/Transformation2D.html,Class
204,com.esri.core.geometry.Unit,reference/com/esri/core/geometry/Unit.html,Class
205,com.esri.core.geometry.Unit.EsriUnit,reference/com/esri/core/geometry/Unit.EsriUnit.html,Class
206,com.esri.core.geometry.Unit.UnitType,reference/com/esri/core/geometry/Unit.UnitType.html,Class
207,com.esri.core.io,reference/com/esri/core/io/Package-summary.html,Package
208,com.esri.core.io.EsriErrorCode,reference/com/esri/core/io/EsriErrorCode.html,Class
209,com.esri.core.io.EsriSecurityException,reference/com/esri/core/io/EsriSecurityException.html,Class
210,com.esri.core.io.EsriServiceException,reference/com/esri/core/io/EsriServiceException.html,Class
211,com.esri.core.io.EsriUnsupportedException,reference/com/esri/core/io/EsriUnsupportedException.html,Class
212,com.esri.core.io.HttpRequestHandler,reference/com/esri/core/io/HttpRequestHandler.html,Class
213,com.esri.core.io.HttpRequestListener,reference/com/esri/core/io/HttpRequestListener.html,Class
214,com.esri.core.io.OnSelfSignedCertificateListener,reference/com/esri/core/io/OnSelfSignedCertificateListener.html,Class
215,com.esri.core.io.ProxySetup,reference/com/esri/core/io/ProxySetup.html,Class
216,com.esri.core.io.SelfSignedCertificateHandler,reference/com/esri/core/io/SelfSignedCertificateHandler.html,Class
217,com.esri.core.io.UserCredentials,reference/com/esri/core/io/UserCredentials.html,Class
218,com.esri.core.io.UserCredentials.AuthenticationType,reference/com/esri/core/io/UserCredentials.AuthenticationType.html,Class
219,com.esri.core.map,reference/com/esri/core/map/Package-summary.html,Package
220,com.esri.core.map.AttachmentEditResult,reference/com/esri/core/map/AttachmentEditResult.html,Class
221,com.esri.core.map.AttachmentInfo,reference/com/esri/core/map/AttachmentInfo.html,Class
222,com.esri.core.map.Bookmark,reference/com/esri/core/map/Bookmark.html,Class
223,com.esri.core.map.CallbackListener,reference/com/esri/core/map/CallbackListener.html,Class
224,com.esri.core.map.CodedValueDomain,reference/com/esri/core/map/CodedValueDomain.html,Class
225,com.esri.core.map.DataSource,reference/com/esri/core/map/DataSource.html,Class
226,com.esri.core.map.DataSource.DataSourceType,reference/com/esri/core/map/DataSource.DataSourceType.html,Class
227,com.esri.core.map.Domain,reference/com/esri/core/map/Domain.html,Class
228,com.esri.core.map.DrawingInfo,reference/com/esri/core/map/DrawingInfo.html,Class
229,com.esri.core.map.DynamicLayerInfo,reference/com/esri/core/map/DynamicLayerInfo.html,Class
230,com.esri.core.map.EditFieldsInfo,reference/com/esri/core/map/EditFieldsInfo.html,Class
231,com.esri.core.map.EditInfo,reference/com/esri/core/map/EditInfo.html,Class
232,com.esri.core.map.EditInfo.ACTION_TYPE,reference/com/esri/core/map/EditInfo.ACTION_TYPE.html,Class
233,com.esri.core.map.EditInfo.DATE_DISPLAY_PATTERN,reference/com/esri/core/map/EditInfo.DATE_DISPLAY_PATTERN.html,Class
234,com.esri.core.map.EditorTrackingInfo,reference/com/esri/core/map/EditorTrackingInfo.html,Class
235,com.esri.core.map.Feature,reference/com/esri/core/map/Feature.html,Class
236,com.esri.core.map.FeatureEditError,reference/com/esri/core/map/FeatureEditError.html,Class
237,com.esri.core.map.FeatureEditResult,reference/com/esri/core/map/FeatureEditResult.html,Class
238,com.esri.core.map.FeatureResult,reference/com/esri/core/map/FeatureResult.html,Class
239,com.esri.core.map.FeatureSet,reference/com/esri/core/map/FeatureSet.html,Class
240,com.esri.core.map.FeatureTemplate,reference/com/esri/core/map/FeatureTemplate.html,Class
241,com.esri.core.map.FeatureTemplate.DRAWING_TOOL,reference/com/esri/core/map/FeatureTemplate.DRAWING_TOOL.html,Class
242,com.esri.core.map.FeatureType,reference/com/esri/core/map/FeatureType.html,Class
243,com.esri.core.map.Field,reference/com/esri/core/map/Field.html,Class
244,com.esri.core.map.Graphic,reference/com/esri/core/map/Graphic.html,Class
245,com.esri.core.map.GraphicsUtil,reference/com/esri/core/map/GraphicsUtil.html,Class
246,com.esri.core.map.ImageFormat,reference/com/esri/core/map/ImageFormat.html,Class
247,com.esri.core.map.ImageServiceParameters,reference/com/esri/core/map/ImageServiceParameters.html,Class
248,com.esri.core.map.ImageServiceParameters.IMAGE_FORMAT,reference/com/esri/core/map/ImageServiceParameters.IMAGE_FORMAT.html,Class
249,com.esri.core.map.ImageServiceParameters.NoDataInterpretation,reference/com/esri/core/map/ImageServiceParameters.NoDataInterpretation.html,Class
250,com.esri.core.map.ImageServiceParameters.PIXEL_TYPE,reference/com/esri/core/map/ImageServiceParameters.PIXEL_TYPE.html,Class
251,com.esri.core.map.ImageServiceParameters.RSP,reference/com/esri/core/map/ImageServiceParameters.RSP.html,Class
252,com.esri.core.map.InheritedDomain,reference/com/esri/core/map/InheritedDomain.html,Class
253,com.esri.core.map.JoinTableDataSource,reference/com/esri/core/map/JoinTableDataSource.html,Class
254,com.esri.core.map.JoinTableDataSource.JoinType,reference/com/esri/core/map/JoinTableDataSource.JoinType.html,Class
255,com.esri.core.map.LabelPlacement,reference/com/esri/core/map/LabelPlacement.html,Class
256,com.esri.core.map.LabelingInfo,reference/com/esri/core/map/LabelingInfo.html,Class
257,com.esri.core.map.LayerDataSource,reference/com/esri/core/map/LayerDataSource.html,Class
258,com.esri.core.map.LayerInfo,reference/com/esri/core/map/LayerInfo.html,Class
259,com.esri.core.map.LayerInfoItem,reference/com/esri/core/map/LayerInfoItem.html,Class
260,com.esri.core.map.LayerMapSource,reference/com/esri/core/map/LayerMapSource.html,Class
261,com.esri.core.map.LayerRelationship,reference/com/esri/core/map/LayerRelationship.html,Class
262,com.esri.core.map.LayerSource,reference/com/esri/core/map/LayerSource.html,Class
263,com.esri.core.map.LayerSource.LayerType,reference/com/esri/core/map/LayerSource.LayerType.html,Class
264,com.esri.core.map.LayerTimeOptions,reference/com/esri/core/map/LayerTimeOptions.html,Class
265,com.esri.core.map.Legend,reference/com/esri/core/map/Legend.html,Class
266,com.esri.core.map.MosaicRule,reference/com/esri/core/map/MosaicRule.html,Class
267,com.esri.core.map.NoDataInterpretation,reference/com/esri/core/map/NoDataInterpretation.html,Class
268,com.esri.core.map.OwnershipBasedAccessControlForFeatures,reference/com/esri/core/map/OwnershipBasedAccessControlForFeatures.html,Class
269,com.esri.core.map.PixelType,reference/com/esri/core/map/PixelType.html,Class
270,com.esri.core.map.QueryTableDataSource,reference/com/esri/core/map/QueryTableDataSource.html,Class
271,com.esri.core.map.RangeDomain,reference/com/esri/core/map/RangeDomain.html,Class
272,com.esri.core.map.RasterDataSource,reference/com/esri/core/map/RasterDataSource.html,Class
273,com.esri.core.map.RasterFunction,reference/com/esri/core/map/RasterFunction.html,Class
274,com.esri.core.map.ResamplingProcessType,reference/com/esri/core/map/ResamplingProcessType.html,Class
275,com.esri.core.map.ServerError,reference/com/esri/core/map/ServerError.html,Class
276,com.esri.core.map.ServerFile,reference/com/esri/core/map/ServerFile.html,Class
277,com.esri.core.map.ServerFile.ProgressListener,reference/com/esri/core/map/ServerFile.ProgressListener.html,Class
278,com.esri.core.map.ServerFolder,reference/com/esri/core/map/ServerFolder.html,Class
279,com.esri.core.map.ServerFolder.ProgressListener,reference/com/esri/core/map/ServerFolder.ProgressListener.html,Class
280,com.esri.core.map.SlopeType,reference/com/esri/core/map/SlopeType.html,Class
281,com.esri.core.map.SpatialFilter,reference/com/esri/core/map/SpatialFilter.html,Class
282,com.esri.core.map.TableDataSource,reference/com/esri/core/map/TableDataSource.html,Class
283,com.esri.core.map.TimeAwareLayer,reference/com/esri/core/map/TimeAwareLayer.html,Class
284,com.esri.core.map.TimeExtent,reference/com/esri/core/map/TimeExtent.html,Class
285,com.esri.core.map.TimeInfo,reference/com/esri/core/map/TimeInfo.html,Class
286,com.esri.core.map.TimeOptions,reference/com/esri/core/map/TimeOptions.html,Class
287,com.esri.core.map.TimeOptions.Units,reference/com/esri/core/map/TimeOptions.Units.html,Class
288,com.esri.core.map.TimeReference,reference/com/esri/core/map/TimeReference.html,Class
289,com.esri.core.map.WebMapQuery,reference/com/esri/core/map/WebMapQuery.html,Class
290,com.esri.core.map.bing,reference/com/esri/core/map/bing/Package-summary.html,Package
291,com.esri.core.map.bing.Response,reference/com/esri/core/map/bing/Response.html,Class
292,com.esri.core.map.bing.Result,reference/com/esri/core/map/bing/Result.html,Class
293,com.esri.core.map.ogc.kml,reference/com/esri/core/map/ogc/kml/Package-summary.html,Package
294,com.esri.core.map.ogc.kml.KmlNode,reference/com/esri/core/map/ogc/kml/KmlNode.html,Class
295,com.esri.core.map.ogc.kml.KmlNode.BalloonStyle,reference/com/esri/core/map/ogc/kml/KmlNode.BalloonStyle.html,Class
296,com.esri.core.map.ogc.kml.KmlNode.GraphicType,reference/com/esri/core/map/ogc/kml/KmlNode.GraphicType.html,Class
297,com.esri.core.map.ogc.kml.KmlNode.ListItemType,reference/com/esri/core/map/ogc/kml/KmlNode.ListItemType.html,Class
298,com.esri.core.map.ogc.kml.KmlNode.NodeIcon,reference/com/esri/core/map/ogc/kml/KmlNode.NodeIcon.html,Class
299,com.esri.core.map.ogc.kml.KmlNode.Type,reference/com/esri/core/map/ogc/kml/KmlNode.Type.html,Class
300,com.esri.core.map.popup,reference/com/esri/core/map/popup/Package-summary.html,Package
301,com.esri.core.map.popup.PopupChartMediaValue,reference/com/esri/core/map/popup/PopupChartMediaValue.html,Class
302,com.esri.core.map.popup.PopupDateFormatValue,reference/com/esri/core/map/popup/PopupDateFormatValue.html,Class
303,com.esri.core.map.popup.PopupDateFormatValue.DATE_FORMAT,reference/com/esri/core/map/popup/PopupDateFormatValue.DATE_FORMAT.html,Class
304,com.esri.core.map.popup.PopupFieldInfo,reference/com/esri/core/map/popup/PopupFieldInfo.html,Class
305,com.esri.core.map.popup.PopupFormatValue,reference/com/esri/core/map/popup/PopupFormatValue.html,Class
306,com.esri.core.map.popup.PopupImageMediaValue,reference/com/esri/core/map/popup/PopupImageMediaValue.html,Class
307,com.esri.core.map.popup.PopupInfo,reference/com/esri/core/map/popup/PopupInfo.html,Class
308,com.esri.core.map.popup.PopupMediaInfo,reference/com/esri/core/map/popup/PopupMediaInfo.html,Class
309,com.esri.core.map.popup.PopupMediaInfo.MEDIA_TYPE,reference/com/esri/core/map/popup/PopupMediaInfo.MEDIA_TYPE.html,Class
310,com.esri.core.map.popup.PopupMediaValue,reference/com/esri/core/map/popup/PopupMediaValue.html,Class
311,com.esri.core.map.popup.PopupMediaValue.VALUE_TYPE,reference/com/esri/core/map/popup/PopupMediaValue.VALUE_TYPE.html,Class
312,com.esri.core.map.popup.PopupNumberFormatValue,reference/com/esri/core/map/popup/PopupNumberFormatValue.html,Class
313,com.esri.core.ogc,reference/com/esri/core/ogc/Package-summary.html,Package
314,com.esri.core.ogc.OwsDescription,reference/com/esri/core/ogc/OwsDescription.html,Class
315,com.esri.core.ogc.OwsItem,reference/com/esri/core/ogc/OwsItem.html,Class
316,com.esri.core.ogc.ResourceUrlInfo,reference/com/esri/core/ogc/ResourceUrlInfo.html,Class
317,com.esri.core.ogc.wmts,reference/com/esri/core/ogc/wmts/Package-summary.html,Package
318,com.esri.core.ogc.wmts.WMTSLayerInfo,reference/com/esri/core/ogc/wmts/WMTSLayerInfo.html,Class
319,com.esri.core.ogc.wmts.WMTSServiceInfo,reference/com/esri/core/ogc/wmts/WMTSServiceInfo.html,Class
320,com.esri.core.ogc.wmts.WMTSServiceMode,reference/com/esri/core/ogc/wmts/WMTSServiceMode.html,Class
321,com.esri.core.ogc.wmts.WMTSStyle,reference/com/esri/core/ogc/wmts/WMTSStyle.html,Class
322,com.esri.core.ogc.wmts.WMTSTileMatrix,reference/com/esri/core/ogc/wmts/WMTSTileMatrix.html,Class
323,com.esri.core.ogc.wmts.WMTSTileMatrixLimits,reference/com/esri/core/ogc/wmts/WMTSTileMatrixLimits.html,Class
324,com.esri.core.ogc.wmts.WMTSTileMatrixSet,reference/com/esri/core/ogc/wmts/WMTSTileMatrixSet.html,Class
325,com.esri.core.ogc.wmts.WMTSTileMatrixSet.TileMatrixComparator,reference/com/esri/core/ogc/wmts/WMTSTileMatrixSet.TileMatrixComparator.html,Class
326,com.esri.core.ogc.wmts.WMTSTileMatrixSetLink,reference/com/esri/core/ogc/wmts/WMTSTileMatrixSetLink.html,Class
327,com.esri.core.portal,reference/com/esri/core/portal/Package-summary.html,Package
328,com.esri.core.portal.BaseMap,reference/com/esri/core/portal/BaseMap.html,Class
329,com.esri.core.portal.FeatureCollection,reference/com/esri/core/portal/FeatureCollection.html,Class
330,com.esri.core.portal.InvalidPortalItemIdException,reference/com/esri/core/portal/InvalidPortalItemIdException.html,Class
331,com.esri.core.portal.LicenseInfo,reference/com/esri/core/portal/LicenseInfo.html,Class
332,com.esri.core.portal.Portal,reference/com/esri/core/portal/Portal.html,Class
333,com.esri.core.portal.Portal.GetAuthCodeCallback,reference/com/esri/core/portal/Portal.GetAuthCodeCallback.html,Class
334,com.esri.core.portal.PortalAccess,reference/com/esri/core/portal/PortalAccess.html,Class
335,com.esri.core.portal.PortalException,reference/com/esri/core/portal/PortalException.html,Class
336,com.esri.core.portal.PortalFolder,reference/com/esri/core/portal/PortalFolder.html,Class
337,com.esri.core.portal.PortalGroup,reference/com/esri/core/portal/PortalGroup.html,Class
338,com.esri.core.portal.PortalInfo,reference/com/esri/core/portal/PortalInfo.html,Class
339,com.esri.core.portal.PortalInfo.GeocodeServiceInfo,reference/com/esri/core/portal/PortalInfo.GeocodeServiceInfo.html,Class
340,com.esri.core.portal.PortalInfo.HelperServices,reference/com/esri/core/portal/PortalInfo.HelperServices.html,Class
341,com.esri.core.portal.PortalItem,reference/com/esri/core/portal/PortalItem.html,Class
342,com.esri.core.portal.PortalItemComment,reference/com/esri/core/portal/PortalItemComment.html,Class
343,com.esri.core.portal.PortalItemType,reference/com/esri/core/portal/PortalItemType.html,Class
344,com.esri.core.portal.PortalMode,reference/com/esri/core/portal/PortalMode.html,Class
345,com.esri.core.portal.PortalQueryParams,reference/com/esri/core/portal/PortalQueryParams.html,Class
346,com.esri.core.portal.PortalQueryParams.PortalQuerySortOrder,reference/com/esri/core/portal/PortalQueryParams.PortalQuerySortOrder.html,Class
347,com.esri.core.portal.PortalQueryResultSet,reference/com/esri/core/portal/PortalQueryResultSet.html,Class
348,com.esri.core.portal.PortalRelationshipDirection,reference/com/esri/core/portal/PortalRelationshipDirection.html,Class
349,com.esri.core.portal.PortalRelationshipType,reference/com/esri/core/portal/PortalRelationshipType.html,Class
350,com.esri.core.portal.PortalUser,reference/com/esri/core/portal/PortalUser.html,Class
351,com.esri.core.portal.PortalUserContent,reference/com/esri/core/portal/PortalUserContent.html,Class
352,com.esri.core.portal.PortalUserRole,reference/com/esri/core/portal/PortalUserRole.html,Class
353,com.esri.core.portal.WebMap,reference/com/esri/core/portal/WebMap.html,Class
354,com.esri.core.portal.WebMapLayer,reference/com/esri/core/portal/WebMapLayer.html,Class
355,com.esri.core.portal.WebMapLayer.Mode,reference/com/esri/core/portal/WebMapLayer.Mode.html,Class
356,com.esri.core.portal.WebMapLayer.Type,reference/com/esri/core/portal/WebMapLayer.Type.html,Class
357,com.esri.core.portal.WebMapPopupInfo,reference/com/esri/core/portal/WebMapPopupInfo.html,Class
358,com.esri.core.portal.WebMapSubLayer,reference/com/esri/core/portal/WebMapSubLayer.html,Class
359,com.esri.core.raster,reference/com/esri/core/raster/Package-summary.html,Package
360,com.esri.core.raster.FileRasterSource,reference/com/esri/core/raster/FileRasterSource.html,Class
361,com.esri.core.raster.FunctionRasterSource,reference/com/esri/core/raster/FunctionRasterSource.html,Class
362,com.esri.core.raster.RasterSource,reference/com/esri/core/raster/RasterSource.html,Class
363,com.esri.core.renderer,reference/com/esri/core/renderer/Package-summary.html,Package
364,com.esri.core.renderer.AlgorithmicColorRamp,reference/com/esri/core/renderer/AlgorithmicColorRamp.html,Class
365,com.esri.core.renderer.BaseRenderer,reference/com/esri/core/renderer/BaseRenderer.html,Class
366,com.esri.core.renderer.BlendRenderer,reference/com/esri/core/renderer/BlendRenderer.html,Class
367,com.esri.core.renderer.ClassBreak,reference/com/esri/core/renderer/ClassBreak.html,Class
368,com.esri.core.renderer.ClassBreaksDefinition,reference/com/esri/core/renderer/ClassBreaksDefinition.html,Class
369,com.esri.core.renderer.ClassBreaksDefinition.ClassificationMethod,reference/com/esri/core/renderer/ClassBreaksDefinition.ClassificationMethod.html,Class
370,com.esri.core.renderer.ClassBreaksRenderer,reference/com/esri/core/renderer/ClassBreaksRenderer.html,Class
371,com.esri.core.renderer.ClassificationDefinition,reference/com/esri/core/renderer/ClassificationDefinition.html,Class
372,com.esri.core.renderer.ColorRamp,reference/com/esri/core/renderer/ColorRamp.html,Class
373,com.esri.core.renderer.Colormap,reference/com/esri/core/renderer/Colormap.html,Class
374,com.esri.core.renderer.Colormap.UniqueValue,reference/com/esri/core/renderer/Colormap.UniqueValue.html,Class
375,com.esri.core.renderer.ColormapRenderer,reference/com/esri/core/renderer/ColormapRenderer.html,Class
376,com.esri.core.renderer.DictionaryRenderer,reference/com/esri/core/renderer/DictionaryRenderer.html,Class
377,com.esri.core.renderer.HillshadeRenderer,reference/com/esri/core/renderer/HillshadeRenderer.html,Class
378,com.esri.core.renderer.MultipartColorRamp,reference/com/esri/core/renderer/MultipartColorRamp.html,Class
379,com.esri.core.renderer.NormalizationType,reference/com/esri/core/renderer/NormalizationType.html,Class
380,com.esri.core.renderer.RGBRenderer,reference/com/esri/core/renderer/RGBRenderer.html,Class
381,com.esri.core.renderer.RampDefinition,reference/com/esri/core/renderer/RampDefinition.html,Class
382,com.esri.core.renderer.RampDefinition.Algorithm,reference/com/esri/core/renderer/RampDefinition.Algorithm.html,Class
383,com.esri.core.renderer.RasterRenderer,reference/com/esri/core/renderer/RasterRenderer.html,Class
384,com.esri.core.renderer.Renderer,reference/com/esri/core/renderer/Renderer.html,Class
385,com.esri.core.renderer.RotationType,reference/com/esri/core/renderer/RotationType.html,Class
386,com.esri.core.renderer.SimpleRenderer,reference/com/esri/core/renderer/SimpleRenderer.html,Class
387,com.esri.core.renderer.StretchParameters,reference/com/esri/core/renderer/StretchParameters.html,Class
388,com.esri.core.renderer.StretchParameters.ClipStretchParameters,reference/com/esri/core/renderer/StretchParameters.ClipStretchParameters.html,Class
389,com.esri.core.renderer.StretchParameters.HistogramStretchParamaeters,reference/com/esri/core/renderer/StretchParameters.HistogramStretchParamaeters.html,Class
390,com.esri.core.renderer.StretchParameters.MinMaxStretchParameters,reference/com/esri/core/renderer/StretchParameters.MinMaxStretchParameters.html,Class
391,com.esri.core.renderer.StretchParameters.StdDevStretchParameters,reference/com/esri/core/renderer/StretchParameters.StdDevStretchParameters.html,Class
392,com.esri.core.renderer.StretchParameters.StretchType,reference/com/esri/core/renderer/StretchParameters.StretchType.html,Class
393,com.esri.core.renderer.StretchRenderer,reference/com/esri/core/renderer/StretchRenderer.html,Class
394,com.esri.core.renderer.UniqueValue,reference/com/esri/core/renderer/UniqueValue.html,Class
395,com.esri.core.renderer.UniqueValueDefinition,reference/com/esri/core/renderer/UniqueValueDefinition.html,Class
396,com.esri.core.renderer.UniqueValueRenderer,reference/com/esri/core/renderer/UniqueValueRenderer.html,Class
397,com.esri.core.runtime,reference/com/esri/core/runtime/Package-summary.html,Package
398,com.esri.core.runtime.LicenseLevel,reference/com/esri/core/runtime/LicenseLevel.html,Class
399,com.esri.core.runtime.LicenseResult,reference/com/esri/core/runtime/LicenseResult.html,Class
400,com.esri.core.symbol,reference/com/esri/core/symbol/Package-summary.html,Package
401,com.esri.core.symbol.CompositeSymbol,reference/com/esri/core/symbol/CompositeSymbol.html,Class
402,com.esri.core.symbol.FillSymbol,reference/com/esri/core/symbol/FillSymbol.html,Class
403,com.esri.core.symbol.FontDecoration,reference/com/esri/core/symbol/FontDecoration.html,Class
404,com.esri.core.symbol.FontStyle,reference/com/esri/core/symbol/FontStyle.html,Class
405,com.esri.core.symbol.FontWeight,reference/com/esri/core/symbol/FontWeight.html,Class
406,com.esri.core.symbol.LineSymbol,reference/com/esri/core/symbol/LineSymbol.html,Class
407,com.esri.core.symbol.MarkerSymbol,reference/com/esri/core/symbol/MarkerSymbol.html,Class
408,com.esri.core.symbol.MultiLayerSymbol,reference/com/esri/core/symbol/MultiLayerSymbol.html,Class
409,com.esri.core.symbol.PictureFillSymbol,reference/com/esri/core/symbol/PictureFillSymbol.html,Class
410,com.esri.core.symbol.PictureMarkerSymbol,reference/com/esri/core/symbol/PictureMarkerSymbol.html,Class
411,com.esri.core.symbol.SimpleFillSymbol,reference/com/esri/core/symbol/SimpleFillSymbol.html,Class
412,com.esri.core.symbol.SimpleFillSymbol.STYLE,reference/com/esri/core/symbol/SimpleFillSymbol.STYLE.html,Class
413,com.esri.core.symbol.SimpleLineSymbol,reference/com/esri/core/symbol/SimpleLineSymbol.html,Class
414,com.esri.core.symbol.SimpleLineSymbol.STYLE,reference/com/esri/core/symbol/SimpleLineSymbol.STYLE.html,Class
415,com.esri.core.symbol.SimpleMarkerSymbol,reference/com/esri/core/symbol/SimpleMarkerSymbol.html,Class
416,com.esri.core.symbol.SimpleMarkerSymbol.STYLE,reference/com/esri/core/symbol/SimpleMarkerSymbol.STYLE.html,Class
417,com.esri.core.symbol.Symbol,reference/com/esri/core/symbol/Symbol.html,Class
418,com.esri.core.symbol.SymbolAlignment,reference/com/esri/core/symbol/SymbolAlignment.html,Class
419,com.esri.core.symbol.SymbolFactory,reference/com/esri/core/symbol/SymbolFactory.html,Class
420,com.esri.core.symbol.SymbolHelper,reference/com/esri/core/symbol/SymbolHelper.html,Class
421,com.esri.core.symbol.TextSymbol,reference/com/esri/core/symbol/TextSymbol.html,Class
422,com.esri.core.symbol.TextSymbol.HorizontalAlignment,reference/com/esri/core/symbol/TextSymbol.HorizontalAlignment.html,Class
423,com.esri.core.symbol.TextSymbol.VerticalAlignment,reference/com/esri/core/symbol/TextSymbol.VerticalAlignment.html,Class
424,com.esri.core.symbol.advanced,reference/com/esri/core/symbol/advanced/Package-summary.html,Package
425,com.esri.core.symbol.advanced.Message,reference/com/esri/core/symbol/advanced/Message.html,Class
426,com.esri.core.symbol.advanced.MessageGroupLayer,reference/com/esri/core/symbol/advanced/MessageGroupLayer.html,Class
427,com.esri.core.symbol.advanced.MessageHelper,reference/com/esri/core/symbol/advanced/MessageHelper.html,Class
428,com.esri.core.symbol.advanced.MessageProcessor,reference/com/esri/core/symbol/advanced/MessageProcessor.html,Class
429,com.esri.core.symbol.advanced.SymbolDictionary,reference/com/esri/core/symbol/advanced/SymbolDictionary.html,Class
430,com.esri.core.symbol.advanced.SymbolDictionary.DictionaryType,reference/com/esri/core/symbol/advanced/SymbolDictionary.DictionaryType.html,Class
431,com.esri.core.symbol.advanced.SymbolDictionaryFilter,reference/com/esri/core/symbol/advanced/SymbolDictionaryFilter.html,Class
432,com.esri.core.symbol.advanced.SymbolDictionaryQuery,reference/com/esri/core/symbol/advanced/SymbolDictionaryQuery.html,Class
433,com.esri.core.symbol.advanced.SymbolProperties,reference/com/esri/core/symbol/advanced/SymbolProperties.html,Class
434,com.esri.core.table,reference/com/esri/core/table/Package-summary.html,Package
435,com.esri.core.table.FeatureTable,reference/com/esri/core/table/FeatureTable.html,Class
436,com.esri.core.table.TableException,reference/com/esri/core/table/TableException.html,Class
437,com.esri.core.tasks,reference/com/esri/core/tasks/Package-summary.html,Package
438,com.esri.core.tasks.SpatialRelationship,reference/com/esri/core/tasks/SpatialRelationship.html,Class
439,com.esri.core.tasks.ags,reference/com/esri/core/tasks/ags/Package-summary.html,Package
440,com.esri.core.tasks.ags.GenerateRendererTask,reference/com/esri/core/tasks/ags/GenerateRendererTask.html,Class
441,com.esri.core.tasks.ags.GenerateRendererTaskParameters,reference/com/esri/core/tasks/ags/GenerateRendererTaskParameters.html,Class
442,com.esri.core.tasks.ags.TaskCallbackListener,reference/com/esri/core/tasks/ags/TaskCallbackListener.html,Class
443,com.esri.core.tasks.ags.find,reference/com/esri/core/tasks/ags/find/Package-summary.html,Package
444,com.esri.core.tasks.ags.find.FindParameters,reference/com/esri/core/tasks/ags/find/FindParameters.html,Class
445,com.esri.core.tasks.ags.find.FindResult,reference/com/esri/core/tasks/ags/find/FindResult.html,Class
446,com.esri.core.tasks.ags.find.FindTask,reference/com/esri/core/tasks/ags/find/FindTask.html,Class
447,com.esri.core.tasks.ags.geoprocessing,reference/com/esri/core/tasks/ags/geoprocessing/Package-summary.html,Package
448,com.esri.core.tasks.ags.geoprocessing.GPBoolean,reference/com/esri/core/tasks/ags/geoprocessing/GPBoolean.html,Class
449,com.esri.core.tasks.ags.geoprocessing.GPDataFile,reference/com/esri/core/tasks/ags/geoprocessing/GPDataFile.html,Class
450,com.esri.core.tasks.ags.geoprocessing.GPDate,reference/com/esri/core/tasks/ags/geoprocessing/GPDate.html,Class
451,com.esri.core.tasks.ags.geoprocessing.GPDouble,reference/com/esri/core/tasks/ags/geoprocessing/GPDouble.html,Class
452,com.esri.core.tasks.ags.geoprocessing.GPFeatureRecordSetLayer,reference/com/esri/core/tasks/ags/geoprocessing/GPFeatureRecordSetLayer.html,Class
453,com.esri.core.tasks.ags.geoprocessing.GPGetJobResultParameters,reference/com/esri/core/tasks/ags/geoprocessing/GPGetJobResultParameters.html,Class
454,com.esri.core.tasks.ags.geoprocessing.GPGetJobResultTask,reference/com/esri/core/tasks/ags/geoprocessing/GPGetJobResultTask.html,Class
455,com.esri.core.tasks.ags.geoprocessing.GPJobParameter,reference/com/esri/core/tasks/ags/geoprocessing/GPJobParameter.html,Class
456,com.esri.core.tasks.ags.geoprocessing.GPJobResource,reference/com/esri/core/tasks/ags/geoprocessing/GPJobResource.html,Class
457,com.esri.core.tasks.ags.geoprocessing.GPJobResource.JobStatus,reference/com/esri/core/tasks/ags/geoprocessing/GPJobResource.JobStatus.html,Class
458,com.esri.core.tasks.ags.geoprocessing.GPLinearUnit,reference/com/esri/core/tasks/ags/geoprocessing/GPLinearUnit.html,Class
459,com.esri.core.tasks.ags.geoprocessing.GPLong,reference/com/esri/core/tasks/ags/geoprocessing/GPLong.html,Class
460,com.esri.core.tasks.ags.geoprocessing.GPMapImage,reference/com/esri/core/tasks/ags/geoprocessing/GPMapImage.html,Class
461,com.esri.core.tasks.ags.geoprocessing.GPMessage,reference/com/esri/core/tasks/ags/geoprocessing/GPMessage.html,Class
462,com.esri.core.tasks.ags.geoprocessing.GPMultiValue,reference/com/esri/core/tasks/ags/geoprocessing/GPMultiValue.html,Class
463,com.esri.core.tasks.ags.geoprocessing.GPParameter,reference/com/esri/core/tasks/ags/geoprocessing/GPParameter.html,Class
464,com.esri.core.tasks.ags.geoprocessing.GPRasterData,reference/com/esri/core/tasks/ags/geoprocessing/GPRasterData.html,Class
465,com.esri.core.tasks.ags.geoprocessing.GPRasterDataLayer,reference/com/esri/core/tasks/ags/geoprocessing/GPRasterDataLayer.html,Class
466,com.esri.core.tasks.ags.geoprocessing.GPRecordSet,reference/com/esri/core/tasks/ags/geoprocessing/GPRecordSet.html,Class
467,com.esri.core.tasks.ags.geoprocessing.GPResultResource,reference/com/esri/core/tasks/ags/geoprocessing/GPResultResource.html,Class
468,com.esri.core.tasks.ags.geoprocessing.GPServiceInfo,reference/com/esri/core/tasks/ags/geoprocessing/GPServiceInfo.html,Class
469,com.esri.core.tasks.ags.geoprocessing.GPString,reference/com/esri/core/tasks/ags/geoprocessing/GPString.html,Class
470,com.esri.core.tasks.ags.geoprocessing.GPTaskInfo,reference/com/esri/core/tasks/ags/geoprocessing/GPTaskInfo.html,Class
471,com.esri.core.tasks.ags.geoprocessing.GPTaskInfo.ExecutionType,reference/com/esri/core/tasks/ags/geoprocessing/GPTaskInfo.ExecutionType.html,Class
472,com.esri.core.tasks.ags.geoprocessing.GPTaskInfo.GPParameterInfo,reference/com/esri/core/tasks/ags/geoprocessing/GPTaskInfo.GPParameterInfo.html,Class
473,com.esri.core.tasks.ags.geoprocessing.GPTaskInfo.ParamDirection,reference/com/esri/core/tasks/ags/geoprocessing/GPTaskInfo.ParamDirection.html,Class
474,com.esri.core.tasks.ags.geoprocessing.GPTaskInfo.ParamType,reference/com/esri/core/tasks/ags/geoprocessing/GPTaskInfo.ParamType.html,Class
475,com.esri.core.tasks.ags.geoprocessing.Geoprocessor,reference/com/esri/core/tasks/ags/geoprocessing/Geoprocessor.html,Class
476,com.esri.core.tasks.ags.query,reference/com/esri/core/tasks/ags/query/Package-summary.html,Package
477,com.esri.core.tasks.ags.query.OrderByFields,reference/com/esri/core/tasks/ags/query/OrderByFields.html,Class
478,com.esri.core.tasks.ags.query.OutStatistics,reference/com/esri/core/tasks/ags/query/OutStatistics.html,Class
479,com.esri.core.tasks.ags.query.OutStatistics.Type,reference/com/esri/core/tasks/ags/query/OutStatistics.Type.html,Class
480,com.esri.core.tasks.ags.query.Query,reference/com/esri/core/tasks/ags/query/Query.html,Class
481,com.esri.core.tasks.ags.query.QueryTask,reference/com/esri/core/tasks/ags/query/QueryTask.html,Class
482,com.esri.core.tasks.ags.query.RelationshipQuery,reference/com/esri/core/tasks/ags/query/RelationshipQuery.html,Class
483,com.esri.core.tasks.geocode,reference/com/esri/core/tasks/geocode/Package-summary.html,Package
484,com.esri.core.tasks.geocode.BatchGeocodeResult,reference/com/esri/core/tasks/geocode/BatchGeocodeResult.html,Class
485,com.esri.core.tasks.geocode.Locator,reference/com/esri/core/tasks/geocode/Locator.html,Class
486,com.esri.core.tasks.geocode.LocatorFieldInfo,reference/com/esri/core/tasks/geocode/LocatorFieldInfo.html,Class
487,com.esri.core.tasks.geocode.LocatorFindParameters,reference/com/esri/core/tasks/geocode/LocatorFindParameters.html,Class
488,com.esri.core.tasks.geocode.LocatorGeocodeParameters,reference/com/esri/core/tasks/geocode/LocatorGeocodeParameters.html,Class
489,com.esri.core.tasks.geocode.LocatorGeocodeResult,reference/com/esri/core/tasks/geocode/LocatorGeocodeResult.html,Class
490,com.esri.core.tasks.geocode.LocatorReverseGeocodeResult,reference/com/esri/core/tasks/geocode/LocatorReverseGeocodeResult.html,Class
491,com.esri.core.tasks.geocode.LocatorServiceInfo,reference/com/esri/core/tasks/geocode/LocatorServiceInfo.html,Class
492,com.esri.core.tasks.geocode.LocatorSettings,reference/com/esri/core/tasks/geocode/LocatorSettings.html,Class
493,com.esri.core.tasks.geocode.LocatorSuggestionParameters,reference/com/esri/core/tasks/geocode/LocatorSuggestionParameters.html,Class
494,com.esri.core.tasks.geocode.LocatorSuggestionResult,reference/com/esri/core/tasks/geocode/LocatorSuggestionResult.html,Class
495,com.esri.core.tasks.geodatabase,reference/com/esri/core/tasks/geodatabase/Package-summary.html,Package
496,com.esri.core.tasks.geodatabase.GenerateGeodatabaseParameters,reference/com/esri/core/tasks/geodatabase/GenerateGeodatabaseParameters.html,Class
497,com.esri.core.tasks.geodatabase.GeodatabaseStatusCallback,reference/com/esri/core/tasks/geodatabase/GeodatabaseStatusCallback.html,Class
498,com.esri.core.tasks.geodatabase.GeodatabaseStatusInfo,reference/com/esri/core/tasks/geodatabase/GeodatabaseStatusInfo.html,Class
499,com.esri.core.tasks.geodatabase.GeodatabaseStatusInfo.Status,reference/com/esri/core/tasks/geodatabase/GeodatabaseStatusInfo.Status.html,Class
500,com.esri.core.tasks.geodatabase.GeodatabaseSyncTask,reference/com/esri/core/tasks/geodatabase/GeodatabaseSyncTask.html,Class
501,com.esri.core.tasks.geodatabase.GeodatabaseTaskResult,reference/com/esri/core/tasks/geodatabase/GeodatabaseTaskResult.html,Class
502,com.esri.core.tasks.geodatabase.LayerQueries,reference/com/esri/core/tasks/geodatabase/LayerQueries.html,Class
503,com.esri.core.tasks.geodatabase.LayerQuery,reference/com/esri/core/tasks/geodatabase/LayerQuery.html,Class
504,com.esri.core.tasks.geodatabase.LayerSyncInfo,reference/com/esri/core/tasks/geodatabase/LayerSyncInfo.html,Class
505,com.esri.core.tasks.geodatabase.LayerSyncInfos,reference/com/esri/core/tasks/geodatabase/LayerSyncInfos.html,Class
506,com.esri.core.tasks.geodatabase.SyncDirection,reference/com/esri/core/tasks/geodatabase/SyncDirection.html,Class
507,com.esri.core.tasks.geodatabase.SyncGeodatabaseParameters,reference/com/esri/core/tasks/geodatabase/SyncGeodatabaseParameters.html,Class
508,com.esri.core.tasks.geodatabase.SyncModel,reference/com/esri/core/tasks/geodatabase/SyncModel.html,Class
509,com.esri.core.tasks.identify,reference/com/esri/core/tasks/identify/Package-summary.html,Package
510,com.esri.core.tasks.identify.IdentifyParameters,reference/com/esri/core/tasks/identify/IdentifyParameters.html,Class
511,com.esri.core.tasks.identify.IdentifyResult,reference/com/esri/core/tasks/identify/IdentifyResult.html,Class
512,com.esri.core.tasks.identify.IdentifyTask,reference/com/esri/core/tasks/identify/IdentifyTask.html,Class
513,com.esri.core.tasks.na,reference/com/esri/core/tasks/na/Package-summary.html,Package
514,com.esri.core.tasks.na.AttributeParameter,reference/com/esri/core/tasks/na/AttributeParameter.html,Class
515,com.esri.core.tasks.na.AttributeParameterValue,reference/com/esri/core/tasks/na/AttributeParameterValue.html,Class
516,com.esri.core.tasks.na.AttributeUnits,reference/com/esri/core/tasks/na/AttributeUnits.html,Class
517,com.esri.core.tasks.na.ClosestFacilityParameters,reference/com/esri/core/tasks/na/ClosestFacilityParameters.html,Class
518,com.esri.core.tasks.na.ClosestFacilityResult,reference/com/esri/core/tasks/na/ClosestFacilityResult.html,Class
519,com.esri.core.tasks.na.ClosestFacilityTask,reference/com/esri/core/tasks/na/ClosestFacilityTask.html,Class
520,com.esri.core.tasks.na.CostAttribute,reference/com/esri/core/tasks/na/CostAttribute.html,Class
521,com.esri.core.tasks.na.DirectionsEvent,reference/com/esri/core/tasks/na/DirectionsEvent.html,Class
522,com.esri.core.tasks.na.DirectionsLengthUnit,reference/com/esri/core/tasks/na/DirectionsLengthUnit.html,Class
523,com.esri.core.tasks.na.DirectionsOutputType,reference/com/esri/core/tasks/na/DirectionsOutputType.html,Class
524,com.esri.core.tasks.na.DirectionsString,reference/com/esri/core/tasks/na/DirectionsString.html,Class
525,com.esri.core.tasks.na.DirectionsStringType,reference/com/esri/core/tasks/na/DirectionsStringType.html,Class
526,com.esri.core.tasks.na.NADistanceUnit,reference/com/esri/core/tasks/na/NADistanceUnit.html,Class
527,com.esri.core.tasks.na.NAFeatures,reference/com/esri/core/tasks/na/NAFeatures.html,Class
528,com.esri.core.tasks.na.NAFeaturesAsFeature,reference/com/esri/core/tasks/na/NAFeaturesAsFeature.html,Class
529,com.esri.core.tasks.na.NAFeaturesAsLayer,reference/com/esri/core/tasks/na/NAFeaturesAsLayer.html,Class
530,com.esri.core.tasks.na.NAMessage,reference/com/esri/core/tasks/na/NAMessage.html,Class
531,com.esri.core.tasks.na.NAOutputLine,reference/com/esri/core/tasks/na/NAOutputLine.html,Class
532,com.esri.core.tasks.na.NAOutputPolygon,reference/com/esri/core/tasks/na/NAOutputPolygon.html,Class
533,com.esri.core.tasks.na.NAParameters,reference/com/esri/core/tasks/na/NAParameters.html,Class
534,com.esri.core.tasks.na.NAResult,reference/com/esri/core/tasks/na/NAResult.html,Class
535,com.esri.core.tasks.na.NATimeOfDayUsage,reference/com/esri/core/tasks/na/NATimeOfDayUsage.html,Class
536,com.esri.core.tasks.na.NATravelDirection,reference/com/esri/core/tasks/na/NATravelDirection.html,Class
537,com.esri.core.tasks.na.NetworkDescription,reference/com/esri/core/tasks/na/NetworkDescription.html,Class
538,com.esri.core.tasks.na.RestrictionAttribute,reference/com/esri/core/tasks/na/RestrictionAttribute.html,Class
539,com.esri.core.tasks.na.Route,reference/com/esri/core/tasks/na/Route.html,Class
540,com.esri.core.tasks.na.RouteDirection,reference/com/esri/core/tasks/na/RouteDirection.html,Class
541,com.esri.core.tasks.na.RouteManeuverType,reference/com/esri/core/tasks/na/RouteManeuverType.html,Class
542,com.esri.core.tasks.na.RouteParameters,reference/com/esri/core/tasks/na/RouteParameters.html,Class
543,com.esri.core.tasks.na.RouteResult,reference/com/esri/core/tasks/na/RouteResult.html,Class
544,com.esri.core.tasks.na.RouteTask,reference/com/esri/core/tasks/na/RouteTask.html,Class
545,com.esri.core.tasks.na.ServiceAreaParameters,reference/com/esri/core/tasks/na/ServiceAreaParameters.html,Class
546,com.esri.core.tasks.na.ServiceAreaResult,reference/com/esri/core/tasks/na/ServiceAreaResult.html,Class
547,com.esri.core.tasks.na.ServiceAreaTask,reference/com/esri/core/tasks/na/ServiceAreaTask.html,Class
548,com.esri.core.tasks.na.StopGraphic,reference/com/esri/core/tasks/na/StopGraphic.html,Class
549,com.esri.core.tasks.na.UTurnRestriction,reference/com/esri/core/tasks/na/UTurnRestriction.html,Class
550,com.esri.core.tasks.query,reference/com/esri/core/tasks/query/Package-summary.html,Package
551,com.esri.core.tasks.query.Order,reference/com/esri/core/tasks/query/Order.html,Class
552,com.esri.core.tasks.query.OutStatistics,reference/com/esri/core/tasks/query/OutStatistics.html,Class
553,com.esri.core.tasks.query.OutStatistics.Type,reference/com/esri/core/tasks/query/OutStatistics.Type.html,Class
554,com.esri.core.tasks.query.QueryParameters,reference/com/esri/core/tasks/query/QueryParameters.html,Class
555,com.esri.core.tasks.query.QueryTask,reference/com/esri/core/tasks/query/QueryTask.html,Class
556,com.esri.core.tasks.query.RelatedQueryParameters,reference/com/esri/core/tasks/query/RelatedQueryParameters.html,Class
557,com.esri.core.tasks.tilecache,reference/com/esri/core/tasks/tilecache/Package-summary.html,Package
558,com.esri.core.tasks.tilecache.ExportTileCacheParameters,reference/com/esri/core/tasks/tilecache/ExportTileCacheParameters.html,Class
559,com.esri.core.tasks.tilecache.ExportTileCacheParameters.ExportBy,reference/com/esri/core/tasks/tilecache/ExportTileCacheParameters.ExportBy.html,Class
560,com.esri.core.tasks.tilecache.ExportTileCacheStatus,reference/com/esri/core/tasks/tilecache/ExportTileCacheStatus.html,Class
561,com.esri.core.tasks.tilecache.ExportTileCacheTask,reference/com/esri/core/tasks/tilecache/ExportTileCacheTask.html,Class
562,com.esri.core.tasks.tilecache.TileCacheJobResource,reference/com/esri/core/tasks/tilecache/TileCacheJobResource.html,Class" }
